Name	title	coding
t3_qr8lnd	Stop Smoking within the Indicated Line	o
t3_qoagdb	How do you DISC a class?	c
t3_qmnj38	Freshman Questions	o
t3_qrsgag	Course difficulty PHYS 205 vs PHYS 206?	c
t3_qqb0oc	Comp 218	c
t3_qraagr	University Grades	c
t3_qouo3n	COMM 205	c
t3_qp6olo	Anyone here doing options trading	o
t3_qp4jb2	Canadian citizen ship	o
t3_qnf3mt	To do checklist on student centre after I applied (I'm international so it asks for like visa expense documents, etc), do I need to do it before or after I have a decision?	o
t3_qpp2m2	Retaking a course	c
t3_qqkvnz	Maple Telemedicine service	o
t3_qrb93k	is the non credit french course better than the one with credits in concordia?	c
t3_qoxt8d	What would people say is the easiest math course to take a Concordia?	c
t3_qrxwm5	Study permit	o
t3_qplp47	Conconrdia Engr courses attendance policy	c
t3_qphn14	Chance of concentration mechanical Beng to Soen	o
t3_qo0c3s	BTM salary upon graduation?	o
t3_qs1y9e	Msc Finance admission JMBS	o
t3_qmx5wu	What's going on at Space Concordia	o
t3_qq9nd3	Failed Math 208 Midterm	c
t3_qqhr4n	math 204 crash course?	c
t3_qo26js	Permanent code international student.	o
t3_qrb4vm	interesting majors	o
t3_qpyg82	Ontario Transfer to Concordia University	o
t3_qndfs9	Is there a limit to how many DISC you can have?	c
t3_qrymkm	What all documents r required for Student ID card?	o
t3_qo4ris	DISC on DISC date?	c
t3_qoec88	Construction Engineering and Management (MEng)	o
t3_qs1jh0	Communications program?	o
t3_qn0dnv	Self-study source for MATH and PHYS	c
t3_qqk482	How much financial aid money do I lose if I disc a class?	o
t3_qpkgv0	Do you drink coffee in the morning?	f
t3_qmm8cj	Math 204 Advice ?	c
t3_qqi45f	Students who live alone. How you manage it out and what is your budget	r
t3_qpe7hw	Housing Accomodation	r
t3_qmry9i	Relevent post, this scammer is around Concordia (St. Catherines just west of rue Guy)	o
t3_qq7zbj	COMP 232 + 233 in one semester?	c
t3_qratfw	Late DISC an elective	c
t3_qr12pu	US students what gpa did you have when you applied to concordia	o
t3_qp2lc5	SOS tutoring for Math 209	c
t3_qpuhjr	Have four courses, planning to disc one tonight. Would I become a part time student?	c
t3_qp5j44	Concordia or uwindsor	o
t3_qoamk1	Comm 210 help	c
t3_qnrgvm	Coffee shops to study!	f
t3_qr5d7r	Looking for electives eng246/fina200/ital200/theo206	c
t3_qobx60	Hi I am new to university today I drop math 204 tomorrow is our medterm is it effect on my GPA	c
t3_qnb3i5	Is a tutor allowed to give a quiz after stating no quiz would be given?	c
t3_qncmqz	Anyone know any good psychoanalysts around?	o
t3_qpxh7l	PHYS 206 - Route of least resistance?	c
